{
  "actual_distribution": {
    "Non-Veg": 84.68468468468468,
    "Veg": 6.306306306306306,
    "Jain": 3.6036036036036037,
    "Vegan": 2.7027027027027026,
    "Eggitarian": 2.7027027027027026
  },
  "predicted_distribution": {
    "Non-Veg": 87.38738738738738,
    "Veg": 5.405405405405405,
    "Jain": 3.6036036036036037,
    "Eggitarian": 1.8018018018018018,
    "Vegan": 1.8018018018018018
  },
  "profit_rankings": {
    "Non-Veg": 30.58558558558558,
    "Veg": 2.1621621621621623,
    "Jain": 1.3693693693693694,
    "Eggitarian": 0.9009009009009009,
    "Vegan": 0.8108108108108109
  },
  "preparation_times": {
    "Non-Veg": 45,
    "Veg": 30,
    "Jain": 35,
    "Eggitarian": 15,
    "Vegan": 25
  }
}